date,lag_1_sales,rolling_7_sales_avg,promo_index,target_sales
2025-01-08,113,121.71,0,118
2025-01-09,118,120.86,1,124
2025-01-10,124,123.14,1,128
2025-01-11,128,126.14,1,139
2025-01-12,139,125.29,3,161
2025-01-13,161,128.14,3,144
2025-01-14,144,132.43,2,124
2025-01-15,124,134.0,1,111
2025-01-16,111,133.0,3,131
2025-01-17,131,134.0,0,103
2025-01-18,103,130.43,0,117
2025-01-19,117,127.29,3,137
2025-01-20,137,123.86,0,96
2025-01-21,96,117.0,2,107
2025-01-22,107,114.57,1,100
2025-01-23,100,113.0,0,81
2025-01-24,81,105.86,1,96
2025-01-25,96,104.86,3,133
2025-01-26,133,107.14,0,112
2025-01-27,112,103.57,0,89
2025-01-28,89,102.57,0,88
2025-01-29,88,99.86,3,125
2025-01-30,125,103.43,0,102
2025-01-31,102,106.43,1,108
2025-02-01,108,108.14,0,119
2025-02-02,119,106.14,0,126
2025-02-03,126,108.14,2,132
2025-02-04,132,114.29,2,136
2025-02-05,136,121.14,1,125
2025-02-06,125,121.14,2,132
2025-02-07,132,125.43,0,120
2025-02-08,120,127.14,2,150
2025-02-09,150,131.57,0,129
2025-02-10,129,132.0,3,141
2025-02-11,141,133.29,3,138
2025-02-12,138,133.57,0,112
2025-02-13,112,131.71,0,104
2025-02-14,104,127.71,0,112
2025-02-15,112,126.57,2,136
2025-02-16,136,124.57,0,121
2025-02-17,121,123.43,2,123
2025-02-18,123,120.86,1,107
2025-02-19,107,116.43,2,115
2025-02-20,115,116.86,1,95
2025-02-21,95,115.57,1,100
2025-02-22,100,113.86,1,116
2025-02-23,116,111.0,0,112
2025-02-24,112,109.71,1,94
2025-02-25,94,105.57,3,121
2025-02-26,121,107.57,0,97
2025-02-27,97,105.0,2,118
2025-02-28,118,108.29,1,105
2025-03-01,105,109.0,1,126
2025-03-02,126,110.43,1,119
2025-03-03,119,111.43,3,132
2025-03-04,132,116.86,0,109
2025-03-05,109,115.14,1,119
2025-03-06,119,118.29,3,140
2025-03-07,140,121.43,0,123
2025-03-08,123,124.0,0,130
2025-03-09,130,124.57,2,155
2025-03-10,155,129.71,2,135
2025-03-11,135,130.14,0,123
2025-03-12,123,132.14,1,134
2025-03-13,134,134.29,0,109
2025-03-14,109,129.86,3,135
2025-03-15,135,131.57,0,123
2025-03-16,123,130.57,0,127
2025-03-17,127,126.57,3,127
2025-03-18,127,125.43,1,118
2025-03-19,118,124.71,1,107
2025-03-20,107,120.86,0,103
2025-03-21,103,120.0,3,127
2025-03-22,127,118.86,3,140
2025-03-23,140,121.29,1,124
2025-03-24,124,120.86,0,100
2025-03-25,100,117.0,0,98
2025-03-26,98,114.14,3,120
2025-03-27,120,116.0,2,114
2025-03-28,114,117.57,1,110
2025-03-29,110,115.14,1,126
2025-03-30,126,113.14,3,137
2025-03-31,137,115.0,1,106
2025-04-01,106,115.86,3,134
2025-04-02,134,121.0,0,106
2025-04-03,106,119.0,1,128
2025-04-04,128,121.0,1,123
2025-04-05,123,122.86,1,140
2025-04-06,140,124.86,0,137
2025-04-07,137,124.86,0,125
2025-04-08,125,127.57,1,130
2025-04-09,130,127.0,0,128
2025-04-10,128,130.14,0,120
2025-04-11,120,129.0,0,120
2025-04-12,120,128.57,0,136
2025-04-13,136,128.0,0,129
2025-04-14,129,126.86,1,122
2025-04-15,122,126.43,0,103
2025-04-16,103,122.57,1,115
2025-04-17,115,120.71,1,106
2025-04-18,106,118.71,3,132
2025-04-19,132,120.43,1,129
2025-04-20,129,119.43,1,129
2025-04-21,129,119.43,0,93
2025-04-22,93,115.29,2,118
2025-04-23,118,117.43,0,90
2025-04-24,90,113.86,0,84
2025-04-25,84,110.71,0,94
2025-04-26,94,105.29,3,146
2025-04-27,146,107.71,0,118
2025-04-28,118,106.14,1,115
2025-04-29,115,109.29,0,101
2025-04-30,101,106.86,0,109
2025-05-01,109,109.57,3,141
2025-05-02,141,117.71,3,137
2025-05-03,137,123.86,3,158
2025-05-04,158,125.57,1,143
2025-05-05,143,129.14,3,148
2025-05-06,148,133.86,3,148
2025-05-07,148,140.57,3,149
2025-05-08,149,146.29,1,136
2025-05-09,136,145.57,0,129
2025-05-10,129,144.43,0,132
2025-05-11,132,140.71,1,153
2025-05-12,153,142.14,3,146
2025-05-13,146,141.86,3,140
2025-05-14,140,140.71,2,135
2025-05-15,135,138.71,3,133
2025-05-16,133,138.29,0,108
2025-05-17,108,135.29,0,123
2025-05-18,123,134.0,1,146
2025-05-19,146,133.0,2,114
2025-05-20,114,128.43,0,100
2025-05-21,100,122.71,0,96
2025-05-22,96,117.14,3,124
2025-05-23,124,115.86,1,115
2025-05-24,115,116.86,0,128
2025-05-25,128,117.57,3,148
2025-05-26,148,117.86,2,125
2025-05-27,125,119.43,3,130
2025-05-28,130,123.71,1,116
2025-05-29,116,126.57,0,106
2025-05-30,106,124.0,0,109
2025-05-31,109,123.14,1,135
2025-06-01,135,124.14,0,127
2025-06-02,127,121.14,0,119
2025-06-03,119,120.29,0,127
2025-06-04,127,119.86,0,115
2025-06-05,115,119.71,0,127
2025-06-06,127,122.71,1,130
2025-06-07,130,125.71,0,150
2025-06-08,150,127.86,0,125
2025-06-09,125,127.57,0,129
2025-06-10,129,129.0,0,117
2025-06-11,117,127.57,0,120
2025-06-12,120,128.29,0,128
2025-06-13,128,128.43,0,111
2025-06-14,111,125.71,0,139
2025-06-15,139,124.14,2,157
2025-06-16,157,128.71,0,100
2025-06-17,100,124.57,2,117
2025-06-18,117,124.57,1,125
2025-06-19,125,125.29,0,105
2025-06-20,105,122.0,2,129
2025-06-21,129,124.57,0,126
2025-06-22,126,122.71,0,126
2025-06-23,126,118.29,0,97
2025-06-24,97,117.86,0,102
2025-06-25,102,115.71,0,107
2025-06-26,107,113.14,0,101
2025-06-27,101,112.57,1,107
2025-06-28,107,109.43,1,136
2025-06-29,136,110.86,0,141
2025-06-30,141,113.0,0,108
2025-07-01,108,114.57,0,110
2025-07-02,110,115.71,0,118
2025-07-03,118,117.29,0,124
2025-07-04,124,120.57,0,123
2025-07-05,123,122.86,1,146
2025-07-06,146,124.29,1,155
2025-07-07,155,126.29,2,145
2025-07-08,145,131.57,0,118
2025-07-09,118,132.71,1,133
2025-07-10,133,134.86,1,136
2025-07-11,136,136.57,0,126
2025-07-12,126,137.0,0,148
2025-07-13,148,137.29,3,160
2025-07-14,160,138.0,0,121
2025-07-15,121,134.57,0,114
2025-07-16,114,134.0,2,138
2025-07-17,138,134.71,3,143
2025-07-18,143,135.71,1,126
2025-07-19,126,135.71,0,124
2025-07-20,124,132.29,3,155
2025-07-21,155,131.57,0,112
2025-07-22,112,130.29,1,121
2025-07-23,121,131.29,0,106
2025-07-24,106,126.71,3,140
2025-07-25,140,126.29,3,129
2025-07-26,129,126.71,2,145
2025-07-27,145,129.71,3,151
2025-07-28,151,129.14,2,138
2025-07-29,138,132.86,3,148
2025-07-30,148,136.71,1,127
2025-07-31,127,139.71,1,137
2025-08-01,137,139.29,0,119
2025-08-02,119,137.86,0,150
2025-08-03,150,138.57,0,147
2025-08-04,147,138.0,0,128
2025-08-05,128,136.57,0,137
2025-08-06,137,135.0,0,119
2025-08-07,119,133.86,0,126
2025-08-08,126,132.29,3,152
2025-08-09,152,137.0,1,154
2025-08-10,154,137.57,0,146
2025-08-11,146,137.43,0,112
2025-08-12,112,135.14,0,116
2025-08-13,116,132.14,0,117
2025-08-14,117,131.86,3,142
2025-08-15,142,134.14,0,102
2025-08-16,102,127.0,0,137
2025-08-17,137,124.57,1,141
2025-08-18,141,123.86,0,107
2025-08-19,107,123.14,2,120
2025-08-20,120,123.71,3,136
2025-08-21,136,126.43,1,111
2025-08-22,111,122.0,2,114
2025-08-23,114,123.71,2,145
2025-08-24,145,124.86,2,149
2025-08-25,149,126.0,0,105
2025-08-26,105,125.71,0,107
2025-08-27,107,123.86,2,137
2025-08-28,137,124.0,2,131
